<?xml version="1.0" encoding="utf-8"?>
<extension type="component" version="2.5.0" method="upgrade">
 
        <name>com_owncloudconnect</name>
        <!-- The following elements are optional and free of formatting constraints -->
        <creationDate>Octobre 2014</creationDate>
        <author>Jérôme LAFFORGUE</author>
        <!--  The version string is recorded in the components table -->
        <version>0.0.1</version>
        <!-- The description is optional and defaults to the name -->
        <description>Connexion à l'interface ownCloud</description>
 
		<install> <!-- Runs on install -->
			<sql>
					<file driver="mysql" charset="utf8">sql/install.mysql.utf8.sql</file>
			</sql>
        </install>
        <uninstall> <!-- Runs on uninstall -->
			<sql>
					<file driver="mysql" charset="utf8">sql/uninstall.mysql.utf8.sql</file>
			</sql>
        </uninstall>

        <!-- Site Main File Copy Section -->
        <!-- Note the folder attribute: This attribute describes the folder
                to copy FROM in the package to install therefore files copied
                in this section are copied from /site/ in the package -->
				
		<files folder="site">
                <filename>index.html</filename>
                <filename>owncloudconnect.php</filename>
				<filename>controller.php</filename>
				<folder>views</folder>
				<folder>helpers</folder>
				<folder>models</folder>
        </files>
				
		 <media destination="com_owncloudconnect" folder="media">
                <filename>index.html</filename>
                <folder>images</folder>
				<folder>js</folder>
				<folder>css</folder>
        </media>		
				
        <administration>
			<!-- Administration Menu Section -->
			<menu img="../media/com_owncloudconnect/images/logo_oc.png">COM_OWNCLOUDCONNECT_MENU</menu>
			<submenu>
			<!--
				Note that all & must be escaped to &amp; for the file to be valid
				XML and be parsed by the installer
			-->
				<menu link="option=com_owncloudconnect" view="connexion"
					img="../media/com_owncloudconnect/images/logo_oc.png">COM_OWNCLOUDCONNECT_CONNEXION</menu>
				<menu link="option=com_owncloudconnect&amp;view=parametres"
					view="categories" img="../media/com_owncloudconnect/images/icon16_settings.png">COM_OWNCLOUDCONNECT_PARAMETRES</menu>
				<menu link="option=com_owncloudconnect&amp;view=utilisateurs" view="utilisateurs"
					img="../media/com_owncloudconnect/images/icon16_users.png">COM_OWNCLOUDCONNECT_UTILISATEURS</menu>
			</submenu>
			<!-- Administration Main File Copy Section -->
			<!-- Note the folder attribute: This attribute describes the folder
					to copy FROM in the package to install therefore files copied
					in this section are copied from /admin/ in the package -->
			<files folder="admin">
					<!-- Admin Main File Copy Section -->
					<filename>index.html</filename>
					<filename>owncloudconnect.php</filename>
					<filename>controller.php</filename>
					<filename>config.xml</filename>
					<filename>access.xml</filename>
					<!-- SQL files section -->
					 <!-- SQL files section -->
					<folder>controllers</folder>
					<folder>sql</folder>
					<folder>helpers</folder>
					<folder>views</folder>
					<!-- tables files section 
					<folder>tables</folder>-->
					<!-- models files section -->
					<folder>models</folder>
			</files>
				
			<languages folder="admin">
				<language tag="fr-FR">language/fr-FR/fr-FR.com_owncloudconnect.ini</language>
				<language tag="fr-FR">language/fr-FR/fr-FR.com_owncloudconnect.sys.ini</language>
			</languages>
        </administration>
 
</extension>